{
  "Total" : {
    "transaction" : "Total",
    "sampleCount" : 1500,
    "errorCount" : 0,
    "errorPct" : 0.0,
    "meanResTime" : 3.9046666666666665,
    "medianResTime" : 3.0,
    "minResTime" : 1.0,
    "maxResTime" : 237.0,
    "pct1ResTime" : 6.0,
    "pct2ResTime" : 6.0,
    "pct3ResTime" : 12.0,
    "throughput" : 40.56795131845842,
    "receivedKBytesPerSec" : 20.32359279918864,
    "sentKBytesPerSec" : 5.03137677484787
  },
  "HTTP Request" : {
    "transaction" : "HTTP Request",
    "sampleCount" : 1500,
    "errorCount" : 0,
    "errorPct" : 0.0,
    "meanResTime" : 3.9046666666666665,
    "medianResTime" : 3.0,
    "minResTime" : 1.0,
    "maxResTime" : 237.0,
    "pct1ResTime" : 6.0,
    "pct2ResTime" : 6.0,
    "pct3ResTime" : 12.0,
    "throughput" : 40.56795131845842,
    "receivedKBytesPerSec" : 20.32359279918864,
    "sentKBytesPerSec" : 5.03137677484787
  }
}